{"epoch": 10, "train_loss": 0.18287944793701172, "raw_loss": 0.16715852916240692, "wd_0": 0.01, "sqr_mom_0": 0.99, "lr_0": 2.877239379302926e-08, "mom_0": 0.949999561375924, "eps_0": 1e-05, "wd_1": 0.01, "sqr_mom_1": 0.99, "lr_1": 2.877239379302926e-08, "mom_1": 0.949999561375924, "eps_1": 1e-05, "wd_2": 0.01, "sqr_mom_2": 0.99, "lr_2": 2.877239379302926e-08, "mom_2": 0.949999561375924, "eps_2": 1e-05, "_timestamp": 1673284997.8353028, "train_samples_per_sec": 0.597416465029309, "_runtime": 15662.747567892075, "_step": 1000, "valid_loss": 0.22894741594791412, "miou": 0.3635153664155367, "background_iou": 0.9189501420174983, "road_iou": 0.842800442018827, "traffic_light_iou": 0.03222267928150281, "traffic_sign_iou": 0.002457655264031883, "person_iou": 0.0, "vehicle_iou": 0.7481766463268972, "bicycle_iou": 0.0, "pred_table": {"_type": "table-file", "sha256": "b63079ff2f779c89750d0b6758eb8ee2be810ef9fdc06483a5d1fdfaf9d64fab", "size": 9353, "artifact_path": "wandb-client-artifact://sszspsszpjibfwk738gvkpumr83zdpq8lz87dclfzhdcybr0dm5i5l24ul41y08kb6zf0sz4ahrj1ul30em5oxda62tnuqznq6i1eg07t0py5zgfn9oiinjvxppgm8uc:latest/pred_table.table.json", "_latest_artifact_path": "wandb-client-artifact://sszspsszpjibfwk738gvkpumr83zdpq8lz87dclfzhdcybr0dm5i5l24ul41y08kb6zf0sz4ahrj1ul30em5oxda62tnuqznq6i1eg07t0py5zgfn9oiinjvxppgm8uc:latest/pred_table.table.json", "path": "media/table/pred_table_1000_b63079ff2f779c89750d.table.json", "ncols": 8, "nrows": 100}, "final_loss": 0.22894741594791412, "final_miou": 0.3635153664155367, "final_background_iou": 0.9189501420174983, "final_road_iou": 0.842800442018827, "final_traffic_light_iou": 0.03222267928150281, "final_traffic_sign_iou": 0.002457655264031883, "final_person_iou": 0.0, "final_vehicle_iou": 0.7481766463268972, "final_bicycle_iou": 0.0, "_wandb": {"runtime": 15192}}